{
    "loss": [
        0.22791987657546997,
        0.15272222459316254,
        0.135446235537529,
        0.12545880675315857,
        0.1204107478260994,
        0.11737024784088135,
        0.11502739787101746,
        0.11308913677930832,
        0.11142604798078537,
        0.1099473088979721,
        0.10854107141494751,
        0.10727418959140778,
        0.10599108040332794,
        0.10480790585279465,
        0.1036970466375351,
        0.1026102602481842,
        0.10165397822856903,
        0.10072403401136398,
        0.09980972111225128,
        0.09895460307598114
    ],
    "accuracy": [
        0.47974464297294617,
        0.5455600619316101,
        0.556819498538971,
        0.5589088797569275,
        0.5666860342025757,
        0.5726059079170227,
        0.5793383717536926,
        0.5917585492134094,
        0.5946604609489441,
        0.5967498421669006,
        0.596053421497345,
        0.5934997200965881,
        0.5964016318321228,
        0.6051073670387268,
        0.6038305163383484,
        0.6045269966125488,
        0.6031340956687927,
        0.5964016318321228,
        0.5979106426239014,
        0.5991874933242798
    ],
    "iou": [
        0.0925540030002594,
        0.13112320005893707,
        0.13674704730510712,
        0.1385718435049057,
        0.14138607680797577,
        0.14442281424999237,
        0.14753088355064392,
        0.1513133943080902,
        0.15359342098236084,
        0.1559777557849884,
        0.1570224165916443,
        0.15993578732013702,
        0.16313640773296356,
        0.16526983678340912,
        0.1669633537530899,
        0.16951534152030945,
        0.17244459688663483,
        0.17459212243556976,
        0.1755746603012085,
        0.1766129732131958
    ],
    "f1": [
        0.1678440421819687,
        0.2312736064195633,
        0.24031908810138702,
        0.24316084384918213,
        0.24739068746566772,
        0.2521490156650543,
        0.2567611634731293,
        0.26247313618659973,
        0.26602399349212646,
        0.26965293288230896,
        0.2711887061595917,
        0.2755662202835083,
        0.28021958470344543,
        0.2833996117115021,
        0.2858146131038666,
        0.2895427942276001,
        0.29381921887397766,
        0.297132283449173,
        0.2985181212425232,
        0.2999894618988037
    ],
    "val_loss": [
        0.16184943914413452,
        0.14727604389190674,
        0.1375129222869873,
        0.1327863484621048,
        0.1300421506166458,
        0.12851394712924957,
        0.12727691233158112,
        0.12619464099407196,
        0.12548312544822693,
        0.12491907179355621,
        0.1244831457734108,
        0.12433169037103653,
        0.12391134351491928,
        0.1236824169754982,
        0.12348581105470657,
        0.12315552681684494,
        0.12313533574342728,
        0.12321177124977112,
        0.12319851666688919,
        0.12319974601268768
    ],
    "val_accuracy": [
        0.23398329317569733,
        0.23909007012844086,
        0.2599814236164093,
        0.30547818541526794,
        0.3249768018722534,
        0.3421541452407837,
        0.3337975740432739,
        0.32729804515838623,
        0.33240482211112976,
        0.32961931824684143,
        0.32358402013778687,
        0.32822656631469727,
        0.33194056153297424,
        0.32776230573654175,
        0.31476321816444397,
        0.31476321816444397,
        0.31847724318504333,
        0.31708449125289917,
        0.3268337845802307,
        0.320334255695343
    ],
    "val_iou": [
        0.055450208485126495,
        0.06369174271821976,
        0.0740111917257309,
        0.08776066452264786,
        0.09218759834766388,
        0.09756995737552643,
        0.09969218820333481,
        0.09744839370250702,
        0.09804717451334,
        0.10111520439386368,
        0.10293303430080414,
        0.10513290017843246,
        0.10280074924230576,
        0.10283021628856659,
        0.10681343078613281,
        0.10604996979236603,
        0.10396657139062881,
        0.10451503098011017,
        0.10483380407094955,
        0.10596543550491333
    ],
    "val_f1": [
        0.1050063818693161,
        0.11971817910671234,
        0.13780221343040466,
        0.16132104396820068,
        0.16876256465911865,
        0.17775243520736694,
        0.18126875162124634,
        0.17755290865898132,
        0.17855718731880188,
        0.1836271733045578,
        0.18661341071128845,
        0.19022637605667114,
        0.1863919049501419,
        0.18644016981124878,
        0.19298334419727325,
        0.19173316657543182,
        0.18830886483192444,
        0.18921586871147156,
        0.18972226977348328,
        0.1915854960680008
    ]
}